Census Tract Area,Status,NTA Name,geometry,Median Family Income,SNAP Benefits %,Education below high school diploma,Pop earning <=40K,Food Index
98200,LILA Zone,Canarsie,"{'type': 'Polygon', 'coordinates': (((-73.897943, 40.650515), (-73.895861, 40.651881), (-73.89761, 40.653454), (-73.893547, 40.655202), (-73.89136599999999, 40.652365), (-73.889994, 40.651138), (-73.891252, 40.650026), (-73.892551, 40.648911), (-73.894679, 40.64753), (-73.89616199999999, 40.646571), (-73.897832, 40.64807), (-73.896345, 40.649027), (-73.897943, 40.650515)),)}",22055,0.475323141,0.313112289,0.680468738,0.102002101
52900,LILA Zone,South Williamsburg,"{'type': 'Polygon', 'coordinates': (((-73.958152, 40.708041), (-73.957904, 40.708427), (-73.957362, 40.70823499999999), (-73.95627, 40.70785), (-73.954017, 40.70708), (-73.953378, 40.706857), (-73.95191, 40.70636), (-73.951086, 40.705913), (-73.950237, 40.705473), (-73.95190000000001, 40.704418), (-73.953812, 40.703181), (-73.955074, 40.704312), (-73.95633699999999, 40.705439), (-73.958456, 40.707252), (-73.958152, 40.708041)),)}",32250,0.45847553,0.336394936,0.599241436,0.351436975
36002,LILA Zone,Brighton Beach,"{'type': 'Polygon', 'coordinates': (((-73.963279, 40.577212), (-73.962364, 40.577411), (-73.961441, 40.57761), (-73.959633, 40.577993), (-73.959454, 40.575575), (-73.959414, 40.57515799999999), (-73.961034, 40.575076), (-73.962881, 40.574983), (-73.963279, 40.577212)),)}",36853,0.618279576,0.135467976,0.644578278,0.217680672
25000,LILA Zone,Bensonhurst,"{'type': 'Polygon', 'coordinates': (((-73.99771299999999, 40.62368), (-73.997484, 40.62452), (-73.997241, 40.625289), (-73.997017, 40.626062), (-73.996788, 40.626826), (-73.994649, 40.625698), (-73.994325, 40.625343), (-73.99255, 40.624274), (-73.994293, 40.622597), (-73.99492, 40.621994), (-73.996393, 40.620582), (-73.998295, 40.621619), (-73.99771299999999, 40.62368)),)}",54006,0.187732339,0.46968472,0.245989308,0.333806723
23600,LILA Zone,Borough Park,"{'type': 'Polygon', 'coordinates': (((-73.993284, 40.633906), (-73.9927, 40.634467), (-73.99212, 40.635026), (-73.987713, 40.632366), (-73.985509, 40.631038), (-73.98667499999999, 40.629916), (-73.987259, 40.629355), (-73.989462, 40.630686), (-73.991664, 40.632016), (-73.993866, 40.633347), (-73.993284, 40.633906)),)}",28375,0.542940319,0.229690522,0.637126863,0.295344538
35601,LILA Zone,Coney Island-Sea Gate,"{'type': 'Polygon', 'coordinates': (((-73.97113399999999, 40.582019), (-73.96733499999999, 40.581515), (-73.967602, 40.580362), (-73.969133, 40.580048), (-73.971058, 40.579781), (-73.971834, 40.579805), (-73.97113399999999, 40.582019)),)}",60000,0.458333343,0.035789475,0.488428742,0.227571429
27600,LILA Zone,Bensonhurst,"{'type': 'Polygon', 'coordinates': (((-74.001302, 40.611068), (-74.00107299999999, 40.61183), (-74.000911, 40.612388), (-74.000739, 40.612555), (-73.99958, 40.613669), (-73.997171, 40.612215), (-73.998313, 40.611084), (-73.996338, 40.609894), (-73.996922, 40.609335), (-73.997503, 40.608775), (-73.999454, 40.60995), (-74.00002099999999, 40.609386), (-74.000935, 40.608637), (-74.002665, 40.60957), (-74.001302, 40.611068)),)}",54861,0.330298007,0.373110592,0.340239912,0.589957983
25902,LILA Zone,Bedford-Stuyvesant (West),"{'type': 'Polygon', 'coordinates': (((-73.946797, 40.697903), (-73.943949, 40.698222), (-73.94352599999999, 40.696031), (-73.946366, 40.695704), (-73.946638, 40.69718), (-73.946797, 40.697903)),)}",22599,0.664701521,0.378691375,0.795520961,0.062840336
117000,LILA Zone,Cypress Hills,"{'type': 'Polygon', 'coordinates': (((-73.889006, 40.678557), (-73.887304, 40.679097), (-73.884671, 40.67993999999999), (-73.88419499999999, 40.678089), (-73.883226, 40.67637), (-73.88485399999999, 40.676129), (-73.885668, 40.676009), (-73.887371, 40.675756), (-73.888256, 40.675625), (-73.889006, 40.678557)),)}",40833,0.435020506,0.313328147,0.594080329,0.405544118
28501,LILA Zone,Bedford-Stuyvesant (East),"{'type': 'Polygon', 'coordinates': (((-73.944388, 40.700425), (-73.941931, 40.700725), (-73.941149, 40.700281), (-73.938902, 40.699037), (-73.938568, 40.698848), (-73.94115, 40.698541), (-73.943949, 40.698222), (-73.944096, 40.698973), (-73.944388, 40.700425)),)}",87750,0.342105269,0.444055945,0.484848499,0.242254202
2300,LILA Zone,Downtown Brooklyn-DUMBO-Boerum Hill,"{'type': 'Polygon', 'coordinates': (((-73.986947, 40.698713), (-73.986813, 40.699956), (-73.986798, 40.700617), (-73.986601, 40.700621), (-73.98476099999999, 40.701439), (-73.98285, 40.701359), (-73.980729, 40.701268), (-73.980462, 40.699703), (-73.980544, 40.698246), (-73.980515, 40.697437), (-73.982083, 40.697499), (-73.98311799999999, 40.697542), (-73.983995, 40.698414), (-73.98496, 40.698445), (-73.985587, 40.698446), (-73.986969, 40.698504), (-73.986947, 40.698713)),)}",24247,0.58372879,0.228848308,0.761491776,0.100554622
8500,LILA Zone,Carroll Gardens-Cobble Hill-Gowanus-Red Hook,"{'type': 'Polygon', 'coordinates': (((-74.01141199999999, 40.676319), (-74.00954399999999, 40.677898), (-74.008302, 40.67897), (-74.006298, 40.677604), (-74.006491, 40.677194), (-74.004764, 40.67671), (-74.003503, 40.675631), (-74.003194, 40.676271), (-74.00135399999999, 40.675791), (-74.002016, 40.674482), (-74.002608, 40.673182), (-74.006005, 40.674146), (-74.007711, 40.674625), (-74.00961099999999, 40.675121), (-74.01141199999999, 40.676319)),)}",17528,0.610208035,0.377108991,0.698892236,0.072483193
52500,LILA Zone,Williamsburg,"{'type': 'Polygon', 'coordinates': (((-73.96257299999999, 40.708535), (-73.962414, 40.709352), (-73.96229199999999, 40.709921), (-73.962035, 40.710362), (-73.960381, 40.710004), (-73.95842499999999, 40.710192), (-73.95662399999999, 40.710384), (-73.957488, 40.70908), (-73.957904, 40.708427), (-73.958152, 40.708041), (-73.958456, 40.707252), (-73.959395, 40.707352), (-73.96114399999999, 40.707524), (-73.962743, 40.707685), (-73.96257299999999, 40.708535)),)}",30742,0.556717634,0.253458291,0.529585779,0.402508403
121000,LILA Zone,East New York-City Line,"{'type': 'Polygon', 'coordinates': (((-73.874624, 40.672389), (-73.873719, 40.672511), (-73.871303, 40.672858), (-73.870943, 40.671335), (-73.87056199999999, 40.669798), (-73.87011199999999, 40.668014), (-73.871875, 40.666764), (-73.872841, 40.668032), (-73.8738, 40.669335), (-73.874231, 40.670863), (-73.874624, 40.672389)),)}",21205,0.739103734,0.271646857,0.721473515,0.135644958
20500,LILA Zone,Prospect Heights,"{'type': 'Polygon', 'coordinates': (((-73.96885999999999, 40.677665), (-73.968542, 40.678543), (-73.968227, 40.679422), (-73.965341, 40.678818), (-73.962229, 40.678166), (-73.962547, 40.677287), (-73.962865, 40.676406), (-73.963183, 40.675529), (-73.963331, 40.67556099999999), (-73.966296, 40.67618), (-73.969178, 40.676785), (-73.96885999999999, 40.677665)),)}",130536,0.041724619,0.016680228,0.103668258,0.602905462
53500,LILA Zone,South Williamsburg,"{'type': 'Polygon', 'coordinates': (((-73.964421, 40.707534), (-73.962743, 40.707685), (-73.96114399999999, 40.707524), (-73.959395, 40.707352), (-73.958456, 40.707252), (-73.95864, 40.706477), (-73.959338, 40.705181), (-73.960341, 40.703437), (-73.961854, 40.704786), (-73.962485, 40.705352), (-73.963098, 40.7059), (-73.963745, 40.706479), (-73.964393, 40.707056), (-73.964849, 40.707454), (-73.964421, 40.707534)),)}",24795,0.715741813,0.357429713,0.631001353,0.296634454
94402,LILA Zone,Flatlands,"{'type': 'Polygon', 'coordinates': (((-73.922832, 40.635543), (-73.92101699999999, 40.636528), (-73.919172, 40.63747), (-73.918852, 40.634483), (-73.920683, 40.63333), (-73.922587, 40.633209), (-73.922832, 40.635543)),)}",30625,0.453383446,0.192825109,0.69120878,0.130285714
53900,LILA Zone,South Williamsburg,"{'type': 'Polygon', 'coordinates': (((-73.964426, 40.703122), (-73.961854, 40.704786), (-73.960341, 40.703437), (-73.961452, 40.701663), (-73.96217899999999, 40.700221), (-73.965204, 40.702623), (-73.964426, 40.703122)),)}",26361,0.458663642,0.42011413,0.611445785,0.153966387
57200,LILA Zone,Sheepshead Bay-Manhattan Beach-Gerritsen Beach,"{'type': 'Polygon', 'coordinates': (((-73.94148, 40.598304), (-73.938637, 40.598609), (-73.93580399999999, 40.598924), (-73.935369, 40.596542), (-73.934949, 40.594429), (-73.93778, 40.594126), (-73.939641, 40.593922), (-73.94061099999999, 40.593808), (-73.94148, 40.598304)),)}",32348,0.5,0.203149602,0.613161147,0.179518908
80800,LILA Zone,Prospect Lefferts Gardens-Wingate,"{'type': 'Polygon', 'coordinates': (((-73.94735399999999, 40.65728), (-73.942314, 40.657609), (-73.94255, 40.659892), (-73.939734, 40.660074), (-73.939615, 40.657768), (-73.936864, 40.657942), (-73.933996, 40.658119), (-73.93209, 40.658235), (-73.931083, 40.658296), (-73.930903, 40.65661), (-73.931907, 40.656537), (-73.932847, 40.656478), (-73.934784, 40.656361), (-73.935718, 40.656303), (-73.938593, 40.656123), (-73.94053199999999, 40.656002), (-73.94240099999999, 40.655885), (-73.947159, 40.655594), (-73.94735399999999, 40.65728)),)}",40167,0.627586186,0.288581312,0.642487049,0.149680672
45300,LILA Zone,East Williamsburg,"{'type': 'Polygon', 'coordinates': (((-73.933919, 40.707487), (-73.93229699999999, 40.707749), (-73.93207199999999, 40.707786), (-73.921892, 40.709396), (-73.92416899999999, 40.707394), (-73.92608899999999, 40.70568), (-73.928738, 40.704717), (-73.93115499999999, 40.703773), (-73.932698, 40.703171), (-73.933594, 40.706371), (-73.933919, 40.707487)),)}",38981,0.200594351,0.302534312,0.612244904,0.283773109
12801,LILA Zone,Dyker Heights,"{'type': 'Polygon', 'coordinates': (((-74.015748, 40.631765), (-74.01513899999999, 40.63321699999999), (-74.010004, 40.630113), (-74.011428, 40.629162), (-74.012142, 40.628684), (-74.01490299999999, 40.630353), (-74.016048, 40.631033), (-74.015748, 40.631765)),)}",50833,0.181704268,0.392657131,0.539215684,0.237394958
22000,LILA Zone,Borough Park,"{'type': 'Polygon', 'coordinates': (((-73.99909099999999, 40.637415), (-73.998374, 40.637893), (-73.99694199999999, 40.638853), (-73.993738, 40.636914), (-73.991539, 40.635583), (-73.99212, 40.635026), (-73.9927, 40.634467), (-73.993284, 40.633906), (-73.993866, 40.633347), (-73.996067, 40.634673), (-73.998265, 40.63600599999999), (-73.99980699999999, 40.636936), (-73.99909099999999, 40.637415)),)}",30583,0.297074258,0.24454546,0.649831653,0.267346639
54500,LILA Zone,South Williamsburg,"{'type': 'Polygon', 'coordinates': (((-73.968389, 40.706829), (-73.967289, 40.707002), (-73.964849, 40.707454), (-73.964393, 40.707056), (-73.963745, 40.706479), (-73.963098, 40.7059), (-73.962485, 40.705352), (-73.961854, 40.704786), (-73.964426, 40.703122), (-73.965204, 40.702623), (-73.96721, 40.704256), (-73.96761599999999, 40.704961), (-73.968389, 40.706829)),)}",26303,0.652885795,0.34665966,0.662933946,0.191521008
110600,LILA Zone,East New York-New Lots,"{'type': 'Polygon', 'coordinates': (((-73.88778599999999, 40.657683), (-73.884582, 40.659061), (-73.88291199999999, 40.659781), (-73.88182599999999, 40.658308), (-73.880813, 40.656945), (-73.882511, 40.656213), (-73.88568099999999, 40.65485), (-73.88668899999999, 40.656205), (-73.88778599999999, 40.657683)),)}",25479,0.677194834,0.288626611,0.616589844,0.118714286
53300,LILA Zone,South Williamsburg,"{'type': 'Polygon', 'coordinates': (((-73.960341, 40.703437), (-73.959338, 40.705181), (-73.95864, 40.706477), (-73.958456, 40.707252), (-73.95633699999999, 40.705439), (-73.955074, 40.704312), (-73.953812, 40.703181), (-73.955724, 40.701946), (-73.95745699999999, 40.700822), (-73.95807099999999, 40.701398), (-73.95868899999999, 40.701953), (-73.95988899999999, 40.703032), (-73.960341, 40.703437)),)}",28091,0.519595444,0.232195839,0.585029066,0.228382353
50900,LILA Zone,South Williamsburg,"{'type': 'Polygon', 'coordinates': (((-73.953812, 40.703181), (-73.95190000000001, 40.704418), (-73.950237, 40.705473), (-73.94983599999999, 40.705229), (-73.949254, 40.704896), (-73.947853, 40.704111), (-73.947052, 40.703664), (-73.949379, 40.70215899999999), (-73.95128799999999, 40.700922), (-73.951921, 40.701487), (-73.952551, 40.702051), (-73.953181, 40.702617), (-73.953812, 40.703181)),)}",37132,0.467045456,0.392024547,0.56123662,0.160504202
91200,LILA Zone,Brownsville,"{'type': 'Polygon', 'coordinates': (((-73.91009, 40.667154), (-73.90635499999999, 40.667708), (-73.905971, 40.666181), (-73.90557799999999, 40.664659), (-73.90517299999999, 40.663106), (-73.906138, 40.66296699999999), (-73.90892, 40.662554), (-73.909305, 40.664097), (-73.909699, 40.665628), (-73.91009, 40.667154)),)}",25859,0.672068238,0.295879126,0.51332289,0.125428571
2901,LILA Zone,Fort Greene,"{'type': 'Polygon', 'coordinates': (((-73.98038799999999, 40.696507), (-73.978381, 40.696492), (-73.97739, 40.696419), (-73.976443, 40.696371), (-73.976188, 40.695098), (-73.975987, 40.694089), (-73.975848, 40.693361), (-73.97782699999999, 40.693438), (-73.979168, 40.693489), (-73.980139, 40.694683), (-73.980356, 40.696178), (-73.98038799999999, 40.696507)),)}",36875,0.611148894,0.331063181,0.641025662,0.109392857
12000,LILA Zone,Dyker Heights,"{'type': 'Polygon', 'coordinates': (((-74.016306, 40.635896), (-74.01190799999999, 40.633234), (-74.011326, 40.633795), (-74.010742, 40.634357), (-74.00702299999999, 40.63211), (-74.007739, 40.63163), (-74.008456, 40.63115), (-74.009224, 40.630634), (-74.010004, 40.630113), (-74.01513899999999, 40.63321699999999), (-74.015925, 40.633382), (-74.016752, 40.63544), (-74.016306, 40.635896)),)}",58269,0.215909094,0.571108639,0.47647059,0.321235294
121400,LILA Zone,East New York-City Line,"{'type': 'Polygon', 'coordinates': (((-73.86833, 40.668728), (-73.865554, 40.669122), (-73.862845, 40.669522), (-73.86242, 40.667783), (-73.862042, 40.666253), (-73.86751799999999, 40.665473), (-73.86788, 40.666996), (-73.86833, 40.668728)),)}",27044,0.626601577,0.223941371,0.68449682,0.086142857
117800,LILA Zone,Cypress Hills,"{'type': 'Polygon', 'coordinates': (((-73.877867, 40.682039), (-73.874105, 40.683104), (-73.872187, 40.683649), (-73.87156999999999, 40.681686), (-73.8712, 40.680222), (-73.87327599999999, 40.679921), (-73.873604, 40.681121), (-73.874871, 40.68082), (-73.87609599999999, 40.680456), (-73.87733899999999, 40.680055), (-73.87742899999999, 40.680017), (-73.877867, 40.682039)),)}",46094,0.347992361,0.32846716,0.62150538,0.301665966
22200,LILA Zone,Borough Park,"{'type': 'Polygon', 'coordinates': (((-73.99622699999999, 40.639331), (-73.99551, 40.63981), (-73.994795, 40.640288), (-73.994331, 40.6406), (-73.99407699999999, 40.64077), (-73.99140799999999, 40.639156), (-73.989206, 40.63782399999999), (-73.989789, 40.63726399999999), (-73.99037299999999, 40.636705), (-73.990956, 40.636145), (-73.991539, 40.635583), (-73.993738, 40.636914), (-73.99694199999999, 40.638853), (-73.99622699999999, 40.639331)),)}",40455,0.587831199,0.204516128,0.481257558,0.386153361
2000,LILA Zone,Sunset Park (West),"{'type': 'Polygon', 'coordinates': (((-74.01750899999999, 40.648533), (-74.01634299999999, 40.649656), (-74.01518399999999, 40.650773), (-74.01262899999999, 40.649235), (-74.013172, 40.648652), (-74.013733, 40.648079), (-74.014377, 40.647554), (-74.014932, 40.646982), (-74.01553299999999, 40.646418), (-74.016086, 40.645882), (-74.016651, 40.645331), (-74.019256, 40.646853), (-74.01750899999999, 40.648533)),)}",68529,0.283505142,0.520650804,0.372881353,0.169285714
49100,LILA Zone,East Williamsburg,"{'type': 'Polygon', 'coordinates': (((-73.94983599999999, 40.705229), (-73.947981, 40.705442), (-73.946265, 40.705604), (-73.94456699999999, 40.705021), (-73.94284999999999, 40.705182), (-73.942734, 40.704473), (-73.94103, 40.704637), (-73.940726, 40.702901), (-73.94042, 40.701077), (-73.941931, 40.700725), (-73.942201, 40.700891), (-73.94400499999999, 40.70196199999999), (-73.94545, 40.70276), (-73.945855, 40.702987), (-73.947052, 40.703664), (-73.947853, 40.704111), (-73.949254, 40.704896), (-73.94983599999999, 40.705229)),)}",42234,0.352807283,0.406689405,0.532850802,0.592796218
91000,LILA Zone,Brownsville,"{'type': 'Polygon', 'coordinates': (((-73.90635499999999, 40.667708), (-73.90446399999999, 40.667988), (-73.903573, 40.668128), (-73.902626, 40.668273), (-73.901668, 40.668413), (-73.900851, 40.665346), (-73.90041699999999, 40.663806), (-73.901451, 40.663659), (-73.90237599999999, 40.663517), (-73.90517299999999, 40.663106), (-73.90557799999999, 40.664659), (-73.905971, 40.666181), (-73.90635499999999, 40.667708)),)}",18804,0.685177445,0.467660099,0.61197108,0.164737395
105801,LILA Zone,Spring Creek-Starrett City,"{'type': 'Polygon', 'coordinates': (((-73.886282, 40.652756), (-73.884653, 40.653451), (-73.882213, 40.654498), (-73.881722, 40.653754), (-73.878436, 40.649327), (-73.874892, 40.645095), (-73.876082, 40.643293), (-73.876857, 40.643561), (-73.881481, 40.647601), (-73.882413, 40.64844), (-73.884113, 40.649956), (-73.884806, 40.650765), (-73.886282, 40.652756)),)}",40455,0.440379769,0.149691358,0.661258936,0.176142857
46201,LILA Zone,Flatbush (West)-Ditmas Park-Parkville,"{'type': 'Polygon', 'coordinates': (((-73.976578, 40.627574), (-73.97483199999999, 40.628412), (-73.971806, 40.629874), (-73.97156799999999, 40.629988), (-73.971374, 40.628966), (-73.971114, 40.627586), (-73.970922, 40.62657), (-73.972298, 40.626432), (-73.974149, 40.62621499999999), (-73.976235, 40.625976), (-73.97645, 40.627008), (-73.976578, 40.627574)),)}",80439,0.459734976,0.179452062,0.303178489,0.524705882
10000,LILA Zone,Sunset Park (Central),"{'type': 'Polygon', 'coordinates': (((-74.012649, 40.642866), (-74.011484, 40.643986), (-74.009281, 40.642657), (-74.00707899999999, 40.64132499999999), (-74.008242, 40.640205), (-74.00940899999999, 40.639085), (-74.011611, 40.64041599999999), (-74.013814, 40.641745), (-74.012649, 40.642866)),)}",37019,0.358708203,0.51538074,0.37490195,0.23282563
41700,LILA Zone,Bushwick (East),"{'type': 'Polygon', 'coordinates': (((-73.921154, 40.692796), (-73.919271, 40.694731), (-73.917818, 40.696208), (-73.91707099999999, 40.695782), (-73.916313, 40.695351), (-73.915562, 40.694922), (-73.914808, 40.694497), (-73.916257, 40.693022), (-73.917791, 40.69146), (-73.91861999999999, 40.69180799999999), (-73.919459, 40.692149), (-73.920301, 40.692485), (-73.921154, 40.692796)),)}",33005,0.481481493,0.335852623,0.576587796,0.258966387
2100,LILA Zone,Downtown Brooklyn-DUMBO-Boerum Hill,"{'type': 'Polygon', 'coordinates': (((-73.994498, 40.704318), (-73.993693, 40.704476), (-73.992722, 40.705544), (-73.989381, 40.705137), (-73.98727099999999, 40.705181), (-73.98653, 40.704979), (-73.984189, 40.705582), (-73.98308, 40.705519), (-73.979233, 40.705769), (-73.979171, 40.705301), (-73.980729, 40.701268), (-73.98285, 40.701359), (-73.98476099999999, 40.701439), (-73.986601, 40.700621), (-73.986798, 40.700617), (-73.98868399999999, 40.700699), (-73.98973, 40.700734), (-73.990935, 40.700767), (-73.992612, 40.702061), (-73.993267, 40.702435), (-73.995069, 40.703102), (-73.994498, 40.704318)),)}",244330,0.007759457,0.020142784,0.011838989,0.67760084
38200,LILA Zone,Gravesend (South),"{'type': 'Polygon', 'coordinates': (((-73.98464, 40.593552), (-73.98179, 40.593868), (-73.980711, 40.593997), (-73.978764, 40.592825), (-73.97847999999999, 40.589654), (-73.980938, 40.589376), (-73.983803, 40.589042), (-73.983901, 40.589573), (-73.98420399999999, 40.591166), (-73.98464, 40.593552)),)}",20350,0.771321476,0.398917466,0.724137962,0.14137605
43600,LILA Zone,Bensonhurst,"{'type': 'Polygon', 'coordinates': (((-73.980805, 40.614447), (-73.979638, 40.615565), (-73.977408, 40.614218), (-73.974777, 40.612638), (-73.974515, 40.61125699999999), (-73.974391, 40.61058), (-73.976372, 40.611769), (-73.97701099999999, 40.611173), (-73.979474, 40.612666), (-73.980707, 40.613402), (-73.981438, 40.613838), (-73.980805, 40.614447)),)}",62313,0.376344085,0.354910702,0.270664513,0.561672269
12200,LILA Zone,Sunset Park (Central),"{'type': 'Polygon', 'coordinates': (((-74.02019, 40.639145), (-74.01960799999999, 40.63970399999999), (-74.019024, 40.64026399999999), (-74.018422, 40.640846), (-74.016167, 40.639483), (-74.013961, 40.638153), (-74.014567, 40.637571), (-74.015146, 40.637014), (-74.01606799999999, 40.636139), (-74.016306, 40.635896), (-74.016752, 40.63544), (-74.018897, 40.636856), (-74.019554, 40.637091), (-74.021087, 40.638262), (-74.02019, 40.639145)),)}",38517,0.380038381,0.544341683,0.56444025,0.424189076
21200,LILA Zone,Dyker Heights,"{'type': 'Polygon', 'coordinates': (((-74.009224, 40.630634), (-74.008456, 40.63115), (-74.007739, 40.63163), (-74.00702299999999, 40.63211), (-74.004137, 40.630364), (-74.001931, 40.629033), (-74.002515, 40.628475), (-74.00309899999999, 40.627916), (-74.00435, 40.626711), (-74.006554, 40.62804), (-74.008754, 40.629371), (-74.010004, 40.630113), (-74.009224, 40.630634)),)}",42188,0.209748894,0.419829845,0.48336798,0.419739496
11600,LILA Zone,Sunset Park (East)-Borough Park (West),"{'type': 'Polygon', 'coordinates': (((-74.006751, 40.634745), (-74.006169, 40.635303), (-74.005003, 40.636425), (-74.00442, 40.636985), (-74.00267199999999, 40.638667), (-73.99980699999999, 40.636936), (-74.00195699999999, 40.635497), (-74.00410699999999, 40.63406), (-74.00556399999999, 40.633084), (-74.007356, 40.634164), (-74.006751, 40.634745)),)}",39808,0.282226563,0.51715374,0.454653919,0.177428571
120200,LILA Zone,East New York-City Line,"{'type': 'Polygon', 'coordinates': (((-73.86886799999999, 40.677156), (-73.86854699999999, 40.677206), (-73.86670099999999, 40.67747), (-73.864853, 40.67772), (-73.86390899999999, 40.67777), (-73.862028, 40.677886), (-73.861712, 40.676611), (-73.861318, 40.675021), (-73.861064, 40.674343), (-73.861764, 40.674233), (-73.864554, 40.675151), (-73.86725799999999, 40.676113), (-73.869776, 40.677027), (-73.86886799999999, 40.677156)),)}",45125,0.114726029,0.222222224,0.509216607,0.1185
33000,LILA Zone,Coney Island-Sea Gate,"{'type': 'Polygon', 'coordinates': (((-74.0039747452589, 40.5821685700235), (-74.001674, 40.581919), (-74.0016491444448, 40.5819643174517), (-74.0013361867149, 40.5825349121006), (-73.990679, 40.58006), (-73.990504, 40.578358), (-73.992638, 40.578118), (-73.995809, 40.577759), (-73.998992, 40.577383), (-74.000034, 40.577245), (-74.001105, 40.577121), (-74.00322299999999, 40.576887), (-74.003485, 40.578262), (-74.003608, 40.57890099999999), (-74.003924, 40.58059799999999), (-74.0039747452589, 40.5821685700235)),)}",31488,0.548507452,0.266008288,0.540498435,0.116678571
123700,LILA Zone,Bedford-Stuyvesant (West),"{'type': 'Polygon', 'coordinates': (((-73.961051, 40.698326), (-73.95885799999999, 40.698677), (-73.95702, 40.698974), (-73.956075, 40.69909), (-73.95336999999999, 40.699405), (-73.952925, 40.697204), (-73.952489, 40.695004), (-73.953414, 40.694893), (-73.955197, 40.694688), (-73.956143, 40.694579), (-73.95799699999999, 40.694366), (-73.96015799999999, 40.694117), (-73.960621, 40.69632), (-73.961051, 40.698326)),)}",32545,0.481639624,0.312007427,0.49338758,0.449281513
91600,LILA Zone,Brownsville,"{'type': 'Polygon', 'coordinates': (((-73.911727, 40.662135), (-73.909857, 40.662412), (-73.90892, 40.662554), (-73.908524, 40.661014), (-73.907585, 40.661156), (-73.907191, 40.659619), (-73.906795, 40.658084), (-73.906369, 40.656412), (-73.907307, 40.656273), (-73.908245, 40.656133), (-73.910123, 40.655852), (-73.910549, 40.657525), (-73.910943, 40.659061), (-73.911335, 40.660597), (-73.911727, 40.662135)),)}",41406,0.614258409,0.186528504,0.317174524,0.410743697
48900,LILA Zone,East Williamsburg,"{'type': 'Polygon', 'coordinates': (((-73.94103, 40.704637), (-73.939313, 40.704815), (-73.938599, 40.704066), (-73.937784, 40.703525), (-73.936982, 40.70191), (-73.93763, 40.701739), (-73.94042, 40.701077), (-73.940726, 40.702901), (-73.94103, 40.704637)),)}",22896,0.696261704,0.404418826,0.61572051,0.096428571
92000,LILA Zone,Brownsville,"{'type': 'Polygon', 'coordinates': (((-73.907191, 40.659619), (-73.90626999999999, 40.659754), (-73.90438499999999, 40.660034), (-73.90158, 40.66045099999999), (-73.900661, 40.660587), (-73.899652, 40.660735), (-73.89880699999999, 40.657407), (-73.899041, 40.657372), (-73.900303, 40.657263), (-73.903564, 40.656826), (-73.90545, 40.656547), (-73.906369, 40.656412), (-73.906795, 40.658084), (-73.907191, 40.659619)),)}",31296,0.404740989,0.155852422,0.619741142,0.148073529
9800,LILA Zone,Sunset Park (Central),"{'type': 'Polygon', 'coordinates': (((-74.010902, 40.644547), (-74.010319, 40.645106), (-74.009736, 40.645667), (-74.009153, 40.646227), (-74.00695, 40.644897), (-74.004747, 40.643567), (-74.00533, 40.643006), (-74.00591299999999, 40.642445), (-74.00707899999999, 40.64132499999999), (-74.009281, 40.642657), (-74.011484, 40.643986), (-74.010902, 40.644547)),)}",33495,0.321599036,0.596689463,0.431435466,0.379205882
34200,LILA Zone,Coney Island-Sea Gate,"{'type': 'Polygon', 'coordinates': (((-74.002796, 40.574637), (-74.000675, 40.574868), (-73.998556, 40.575101), (-73.997497, 40.575218), (-73.99538, 40.575451), (-73.992195, 40.57580799999999), (-73.991743, 40.57342999999999), (-73.992773, 40.573198), (-73.99490399999999, 40.572873), (-73.997044, 40.572751), (-73.998088, 40.572752), (-74.00031, 40.572933), (-74.00254799999999, 40.573327), (-74.002796, 40.574637)),)}",28582,0.667982757,0.266831696,0.654463708,0.271722689
115600,LILA Zone,East New York (North),"{'type': 'Polygon', 'coordinates': (((-73.898341, 40.670212), (-73.895544, 40.670626), (-73.894556, 40.67077), (-73.89423099999999, 40.669519), (-73.893839, 40.66798), (-73.893446, 40.666446), (-73.89443899999999, 40.666297), (-73.896316, 40.666019), (-73.897233, 40.665878), (-73.897633, 40.667419), (-73.89802, 40.668958), (-73.898341, 40.670212)),)}",32692,0.574673474,0.315008014,0.603231609,0.214237395
90000,LILA Zone,Brownsville,"{'type': 'Polygon', 'coordinates': (((-73.92438899999999, 40.666385), (-73.922753, 40.667098), (-73.921872, 40.667481), (-73.92102, 40.667852), (-73.920039, 40.668282), (-73.919231, 40.668631), (-73.918382, 40.669002), (-73.91748199999999, 40.669393), (-73.917306, 40.668708), (-73.91626699999999, 40.664654), (-73.917221, 40.66451), (-73.91814099999999, 40.664373), (-73.919097, 40.66423), (-73.92004899999999, 40.664089), (-73.92097199999999, 40.663953), (-73.921655, 40.663843), (-73.922099, 40.664251), (-73.922879, 40.664952), (-73.92438899999999, 40.666385)),)}",25544,0.53014791,0.279649109,0.54899776,0.093647059
90600,LILA Zone,Brownsville,"{'type': 'Polygon', 'coordinates': (((-73.91133599999999, 40.672077), (-73.909255, 40.672948), (-73.907877, 40.673567), (-73.907337, 40.671506), (-73.906998, 40.670241), (-73.906673, 40.668974), (-73.90635499999999, 40.667708), (-73.91009, 40.667154), (-73.910416, 40.668415), (-73.910742, 40.669685), (-73.91106599999999, 40.670955), (-73.91133599999999, 40.672077)),)}",23750,0.790857136,0.19898665,0.594202876,0.239241597
35200,LILA Zone,Coney Island-Sea Gate,"{'type': 'Polygon', 'coordinates': (((-74.002366, 40.572318), (-74.00008799999999, 40.57180899999999), (-73.994726, 40.57152), (-73.991387, 40.571656), (-73.991743, 40.57342999999999), (-73.98968599999999, 40.574004), (-73.985573, 40.57515), (-73.983435, 40.57541399999999), (-73.981256, 40.575563), (-73.976619, 40.575301), (-73.973451, 40.574799), (-73.973028, 40.57605), (-73.970781, 40.575788), (-73.96992, 40.57558299999999), (-73.968868, 40.575236), (-73.966754, 40.574833), (-73.964711, 40.574782), (-73.962881, 40.574983), (-73.961034, 40.575076), (-73.959414, 40.57515799999999), (-73.95942223594291, 40.5740168643515), (-73.9820844563704, 40.5714138101483), (-73.9907535993926, 40.57041804500449), (-73.991346, 40.57035), (-74.0020520025973, 40.5706228981054), (-74.002366, 40.572318)),)}",14840,0.839285731,0.392825127,0.602150559,0.024966387
89200,LILA Zone,East Flatbush-Remsen Village,"{'type': 'Polygon', 'coordinates': (((-73.92638, 40.665515), (-73.92438899999999, 40.666385), (-73.922879, 40.664952), (-73.922099, 40.664251), (-73.921655, 40.663843), (-73.92097199999999, 40.663953), (-73.92004899999999, 40.664089), (-73.919097, 40.66423), (-73.918703, 40.66269399999999), (-73.91829899999999, 40.661162), (-73.91860199999999, 40.66111799999999), (-73.919584, 40.661994), (-73.919744, 40.660771), (-73.920082, 40.659858), (-73.920909, 40.660599), (-73.92272799999999, 40.662231), (-73.924549, 40.66386199999999), (-73.92638, 40.665515)),)}",33241,0.595208824,0.169511244,0.797921479,0.202308824
11800,LILA Zone,Sunset Park (Central),"{'type': 'Polygon', 'coordinates': (((-74.01606799999999, 40.636139), (-74.015146, 40.637014), (-74.014567, 40.637571), (-74.013961, 40.638153), (-74.01176, 40.636823), (-74.009557, 40.635493), (-74.007356, 40.634164), (-74.00556399999999, 40.633084), (-74.00702299999999, 40.63211), (-74.010742, 40.634357), (-74.011326, 40.633795), (-74.01190799999999, 40.633234), (-74.016306, 40.635896), (-74.01606799999999, 40.636139)),)}",52188,0.152512997,0.594909072,0.37527594,0.323737395
90800,LILA Zone,Brownsville,"{'type': 'Polygon', 'coordinates': (((-73.907877, 40.673567), (-73.903475, 40.675507), (-73.902289, 40.670936), (-73.90198199999999, 40.66967), (-73.901668, 40.668413), (-73.902626, 40.668273), (-73.903573, 40.668128), (-73.90446399999999, 40.667988), (-73.90635499999999, 40.667708), (-73.906673, 40.668974), (-73.906998, 40.670241), (-73.907337, 40.671506), (-73.907877, 40.673567)),)}",18857,0.579147637,0.325559467,0.777142882,0.007720588
34000,LILA Zone,Coney Island-Sea Gate,"{'type': 'Polygon', 'coordinates': (((-74.00254799999999, 40.573327), (-74.00031, 40.572933), (-73.998088, 40.572752), (-73.997044, 40.572751), (-73.99490399999999, 40.572873), (-73.992773, 40.573198), (-73.991743, 40.57342999999999), (-73.991387, 40.571656), (-73.994726, 40.57152), (-74.00008799999999, 40.57180899999999), (-74.002366, 40.572318), (-74.00254799999999, 40.573327)),)}",31471,0.552547753,0.209815949,0.671087503,0.111054622
111000,LILA Zone,East New York-New Lots,"{'type': 'Polygon', 'coordinates': (((-73.884131, 40.661433), (-73.880892, 40.662834), (-73.879683, 40.66117), (-73.878592, 40.659701), (-73.88182599999999, 40.658308), (-73.88291199999999, 40.659781), (-73.884131, 40.661433)),)}",25111,0.569666207,0.336368501,0.614549398,0.142714286
25500,LILA Zone,Bedford-Stuyvesant (West),"{'type': 'Polygon', 'coordinates': (((-73.95336999999999, 40.699405), (-73.950091, 40.699791), (-73.949788, 40.69831), (-73.949647, 40.697583), (-73.9495, 40.696847), (-73.949207, 40.695378), (-73.952489, 40.695004), (-73.952925, 40.697204), (-73.95336999999999, 40.699405)),)}",23520,0.624094188,0.441471577,0.72166425,0.171966387
28100,LILA Zone,Bedford-Stuyvesant (East),"{'type': 'Polygon', 'coordinates': (((-73.9431, 40.69382299999999), (-73.940265, 40.694148), (-73.937342, 40.694485), (-73.937195, 40.693752), (-73.937049, 40.693021), (-73.936905, 40.692288), (-73.936758, 40.691556), (-73.939681, 40.691219), (-73.942516, 40.690892), (-73.942662, 40.691624), (-73.942951, 40.693091), (-73.9431, 40.69382299999999)),)}",25625,0.381294966,0.197752014,0.661506712,0.296901261
23400,LILA Zone,Borough Park,"{'type': 'Polygon', 'coordinates': (((-73.991539, 40.635583), (-73.990956, 40.636145), (-73.99037299999999, 40.636705), (-73.985964, 40.634047), (-73.983763, 40.632717), (-73.984344, 40.632157), (-73.984928, 40.631597), (-73.985509, 40.631038), (-73.987713, 40.632366), (-73.99212, 40.635026), (-73.991539, 40.635583)),)}",31800,0.509661853,0.247268543,0.635768831,0.116787815
